year,measure_id,title,measure_type,inverse,tier_a_cutpoints,tier_b_rates,ecqm_ladder,cqm_ladder,ecqm_topped_out,cqm_topped_out,ecqm_avg_rate,cqm_avg_rate,ecqm_rate_disadvantage_pp,d1_ecqm,d1_cqm,d1_disadvantage_pp,d2_ecqm,d2_cqm,d2_disadvantage_pp,d3_ecqm,d3_cqm,d3_disadvantage_pp,d4_ecqm,d4_cqm,d4_disadvantage_pp,d5_ecqm,d5_cqm,d5_disadvantage_pp,d6_ecqm,d6_cqm,d6_disadvantage_pp,d7_ecqm,d7_cqm,d7_disadvantage_pp,d8_ecqm,d8_cqm,d8_disadvantage_pp,d9_ecqm,d9_cqm,d9_disadvantage_pp,d10_ecqm,d10_cqm,d10_disadvantage_pp
2023,001,Diabetes: Hemoglobin A1c (HbA1c) Poor Control (>9%),Intermediate Outcome,yes,no,yes,Historical,Flat,no,no,46.35,34.0,12.350000000000001,99.52,99.0,,93.33,90.0,,75.0,80.0,,57.6,70.0,,46.15,60.0,,38.17,50.0,,32.26,40.0,,27.32,30.0,,22.5,20.0,,17.07,10.0,
2024,001,Diabetes: Hemoglobin A1c (HbA1c) Poor Control (>9%),Intermediate Outcome,yes,no,yes,Historical,Flat,no,no,43.53,27.3,16.23,99.5,99.0,,93.62,90.0,,72.21,80.0,,53.18,70.0,,41.62,60.0,,34.15,50.0,,29.05,40.0,,24.25,30.0,,19.83,20.0,,14.53,10.0,
2025,001,Diabetes: Glycemic Status Assessment Greater Than 9%,Intermediate Outcome,yes,no,yes,Historical,Flat,no,no,42.7,25.75,16.950000000000003,99.44,99.0,,94.35,90.0,,73.2,80.0,,51.68,70.0,,40.28,60.0,,32.92,50.0,,27.54,40.0,,23.02,30.0,,18.49,20.0,,13.46,10.0,
2026,001,Diabetes: Glycemic Status Assessment Greater Than 9%,Intermediate Outcome,yes,no,yes,Historical,Flat,no,no,40.91,23.12,17.789999999999996,99.49,99.0,,93.98,90.0,,71.68,80.0,,49.53,70.0,,36.72,60.0,,29.53,50.0,,24.85,40.0,,20.86,30.0,,17.18,20.0,,12.5,10.0,
2023,005,Heart Failure (HF): Angiotensin-Converting Enzyme (ACE) Inhibitor or Angiotensin Receptor Blocker (ARB) or Angiotensin Receptor-Neprilysin Inhibitor (ARNI) Therapy for Left Ventricular Systolic Dysfunction (LVSD),Process,no,yes,yes,Historical,Historical,no,yes,77.2,96.74,19.539999999999992,24.0,67.35,43.349999999999994,60.8,88.0,27.200000000000003,68.89,95.45,26.560000000000002,73.61,98.55,24.939999999999998,77.43,,,80.03,,,82.39,,,85.53,,,88.14,,,91.67,100.0,8.329999999999998
2024,005,Heart Failure (HF): Angiotensin-Converting Enzyme (ACE) Inhibitor or Angiotensin Receptor Blocker (ARB) or Angiotensin Receptor-Neprilysin Inhibitor (ARNI) Therapy for Left Ventricular Systolic Dysfunction (LVSD),Process,no,yes,yes,Historical,Historical,no,yes,81.04,96.65,15.61,50.0,42.86,-7.140000000000001,67.35,90.28,22.930000000000007,74.19,96.55,22.36,77.34,98.99,21.64999999999999,79.77,,,81.74,,,83.82,,,86.19,,,89.54,,,93.33,100.0,6.670000000000002
2025,005,Heart Failure (HF): Angiotensin-Converting Enzyme (ACE) Inhibitor or Angiotensin Receptor Blocker (ARB) or Angiotensin Receptor-Neprilysin Inhibitor (ARNI) Therapy for Left Ventricular Systolic Dysfunction (LVSD),Process,no,yes,yes,Historical,Historical,no,yes,83.44,95.25,11.810000000000002,48.0,44.06,-3.9399999999999977,73.56,84.89,11.329999999999998,77.57,91.18,13.610000000000014,80.65,97.96,17.309999999999988,82.61,,,84.21,,,86.14,,,88.24,,,90.48,,,94.43,100.0,5.569999999999993
2026,005,Heart Failure (HF): Angiotensin-Converting Enzyme (ACE) Inhibitor or Angiotensin Receptor Blocker (ARB) or Angiotensin Receptor-Neprilysin Inhibitor (ARNI) Therapy for Left Ventricular Systolic Dysfunction (LVSD),Process,no,yes,yes,Historical,Historical,no,yes,81.04,97.23,16.189999999999998,50.0,73.4,23.400000000000006,67.35,87.69,20.340000000000003,74.19,96.62,22.430000000000007,77.34,,,79.77,,,81.74,,,83.82,,,86.19,,,89.54,,,93.33,100.0,6.670000000000002
2023,007,Coronary Artery Disease (CAD): Beta-Blocker Therapy – Prior Myocardial Infarction (MI) or Left Ventricular Systolic Dysfunction (LVEF ≤ 40%),Process,no,yes,yes,Historical,Historical,no,no,86.43,90.57,4.139999999999986,54.55,56.91,2.3599999999999994,75.76,77.92,2.1599999999999966,80.77,82.85,2.0799999999999983,83.81,86.67,2.8599999999999994,86.26,90.0,3.739999999999995,88.1,93.24,5.140000000000001,90.0,96.24,6.239999999999995,91.8,,,93.33,,,95.83,100.0,4.170000000000002
2024,007,Coronary Artery Disease (CAD): Beta-Blocker Therapy – Prior Myocardial Infarction (MI) or Left Ventricular Systolic Dysfunction (LVEF ≤ 40%),Process,no,yes,yes,Historical,Historical,no,yes,88.05,92.47,4.420000000000002,42.86,61.29,18.43,78.33,80.56,2.230000000000004,83.82,86.63,2.8100000000000023,86.67,89.56,2.8900000000000006,88.64,92.98,4.340000000000003,90.2,95.71,5.509999999999991,91.67,98.2,6.530000000000001,93.01,,,94.74,,,96.47,100.0,3.530000000000001
2025,007,Coronary Artery Disease (CAD): Beta-Blocker Therapy – Prior Myocardial Infarction (MI) or Left Ventricular Systolic Dysfunction (LVEF ≤ 40%),Process,no,yes,yes,Historical,Historical,no,yes,86.99,92.77,5.780000000000001,38.28,57.43,19.15,76.0,77.27,1.269999999999996,81.82,86.12,4.300000000000011,85.34,90.48,5.140000000000001,88.0,93.43,5.430000000000007,89.66,97.37,7.710000000000008,91.03,,,92.44,,,94.12,,,96.0,100.0,4.0
2026,007,Coronary Artery Disease (CAD): Beta-Blocker Therapy – Prior Myocardial Infarction (MI) or Left Ventricular Systolic Dysfunction (LVEF ≤ 40%),Process,no,yes,yes,Historical,Historical,no,yes,87.44,97.61,10.170000000000002,55.56,75.0,19.439999999999998,78.46,90.82,12.36,82.7,98.15,15.450000000000003,85.48,,,87.5,,,89.25,,,90.49,,,91.91,,,93.55,,,95.97,100.0,4.030000000000001
2023,008,Heart Failure (HF): Beta-Blocker Therapy for Left Ventricular Systolic Dysfunction (LVSD),Process,no,yes,yes,Historical,Historical,no,yes,89.71,96.46,6.75,42.86,38.46,-4.399999999999999,80.49,91.21,10.719999999999999,85.71,96.97,11.260000000000005,88.52,98.86,10.340000000000003,90.7,,,92.31,,,93.64,,,95.0,,,96.39,,,98.15,100.0,1.8499999999999943
2024,008,Heart Failure (HF): Beta-Blocker Therapy for Left Ventricular Systolic Dysfunction (LVSD),Process,no,yes,yes,Historical,Historical,no,yes,90.11,96.94,6.829999999999998,31.18,43.33,12.149999999999999,82.61,94.29,11.680000000000007,86.67,97.94,11.269999999999996,89.13,99.42,10.290000000000006,90.91,,,92.47,,,93.69,,,95.0,,,96.5,,,98.23,100.0,1.769999999999996
2025,008,Heart Failure (HF): Beta-Blocker Therapy for Left Ventricular Systolic Dysfunction (LVSD),Process,no,yes,yes,Historical,Historical,no,yes,90.89,95.83,4.939999999999998,36.0,37.08,1.0799999999999983,81.58,88.46,6.8799999999999955,87.67,94.04,6.3700000000000045,91.23,98.51,7.280000000000001,92.45,,,93.48,,,94.74,,,95.47,,,96.55,,,98.11,100.0,1.8900000000000006
2026,008,Heart Failure (HF): Beta-Blocker Therapy for Left Ventricular Systolic Dysfunction (LVSD),Process,no,yes,yes,Historical,Historical,no,yes,91.56,98.5,6.939999999999998,57.14,69.05,11.909999999999997,83.33,95.79,12.460000000000008,87.93,,,90.32,,,92.19,,,93.65,,,94.74,,,95.65,,,96.67,,,98.15,100.0,1.8499999999999943
2023,019,Diabetic Retinopathy: Communication with the Physician Managing Ongoing Diabetes Care,Process,no,yes,yes,Historical,Historical,no,yes,82.51,91.44,8.929999999999993,6.41,3.33,-3.08,52.99,72.34,19.35,70.18,91.45,21.269999999999996,80.36,98.71,18.349999999999994,86.32,,,90.91,,,93.75,,,96.05,,,98.0,,,99.55,100.0,0.45000000000000284
2024,019,Diabetic Retinopathy: Communication with the Physician Managing Ongoing Diabetes Care,Process,no,yes,yes,Historical,Historical,no,yes,80.91,94.72,13.810000000000002,9.52,4.44,-5.079999999999999,50.43,88.3,37.87,69.5,97.83,28.33,77.95,,,83.6,,,88.36,,,91.36,,,93.98,,,96.55,,,98.76,100.0,1.2399999999999949
2023,065,Appropriate Treatment for Upper Respiratory Infection (URI),Process,no,yes,yes,Historical,Historical,no,no,90.92,94.08,3.1599999999999966,37.1,44.01,6.909999999999997,77.5,82.57,5.069999999999993,86.67,91.87,5.200000000000003,90.12,95.2,5.079999999999998,92.8,96.95,4.150000000000006,94.74,98.17,3.430000000000007,96.26,99.12,2.8599999999999994,97.78,,,99.25,,,100.0,100.0,0.0
2024,065,Appropriate Treatment for Upper Respiratory Infection (URI),Process,no,yes,yes,Historical,Historical,no,yes,89.51,94.37,4.859999999999999,26.42,52.69,26.269999999999996,72.32,88.37,16.05000000000001,84.35,92.62,8.27000000000001,88.94,94.92,5.980000000000004,91.74,96.12,4.38000000000001,94.29,97.24,2.9499999999999886,96.32,98.27,1.9500000000000028,97.96,98.9,0.9400000000000119,99.32,99.45,0.13000000000000966,100.0,100.0,0.0
2025,065,Appropriate Treatment for Upper Respiratory Infection (URI),Process,no,yes,yes,Historical,Historical,no,yes,85.38,94.84,9.460000000000008,14.71,55.1,40.39,58.75,84.39,25.64,76.24,93.4,17.16000000000001,85.15,96.13,10.97999999999999,89.66,97.42,7.760000000000005,92.37,98.54,6.170000000000002,95.04,99.53,4.489999999999995,96.92,,,98.77,,,100.0,100.0,0.0
2026,065,Appropriate Treatment for Upper Respiratory Infection (URI),Process,no,yes,yes,Historical,Historical,no,yes,88.61,96.2,7.590000000000003,33.33,38.75,5.420000000000002,70.92,91.8,20.879999999999995,82.26,95.71,13.449999999999989,87.5,97.68,10.180000000000007,90.71,98.89,8.180000000000007,93.17,99.51,6.340000000000003,95.35,,,97.16,,,99.02,,,100.0,100.0,0.0
2023,066,Appropriate Testing for Pharyngitis,Process,no,yes,yes,Historical,Historical,no,yes,55.71,91.64,35.93,0.54,26.09,25.55,7.41,76.92,69.51,22.0,86.89,64.89,36.8,92.0,55.2,52.43,95.45,43.02,63.82,97.64,33.82,72.73,98.9,26.17,80.0,,,84.11,,,88.42,100.0,11.579999999999998
2024,066,Appropriate Testing for Pharyngitis,Process,no,yes,yes,Historical,Historical,no,yes,60.6,95.78,35.18,1.05,34.65,33.6,10.0,91.23,81.23,29.17,94.78,65.61,46.14,96.94,50.8,60.61,98.18,37.57000000000001,69.38,99.33,29.950000000000003,77.42,99.9,22.480000000000004,83.43,,,87.85,,,91.14,100.0,8.86
2025,066,Appropriate Testing for Pharyngitis,Process,no,yes,yes,Historical,Historical,no,yes,70.24,93.57,23.33,0.79,25.21,24.42,16.13,83.32,67.19,48.57,94.87,46.300000000000004,66.1,96.94,30.840000000000003,76.26,98.07,21.809999999999988,81.86,98.63,16.769999999999996,86.06,99.09,13.030000000000001,89.69,99.42,9.730000000000004,92.46,,,95.53,100.0,4.469999999999999
2026,066,Appropriate Testing for Pharyngitis,Process,no,yes,yes,Historical,Historical,no,yes,71.29,96.54,25.25,2.0,27.08,25.08,21.04,89.13,68.09,53.25,95.45,42.2,67.42,98.87,31.450000000000003,75.63,,,81.03,,,86.04,,,89.42,,,92.09,,,94.95,100.0,5.049999999999997
2023,102,Prostate Cancer: Avoidance of Overuse of Bone Scan for Staging Low Risk Prostate Cancer Patients,Process,no,no,no,None,None,no,no,,,,,,,,,,,,,,,,,,,,,,,,,,,,,,,,,
2024,102,Prostate Cancer: Avoidance of Overuse of Bone Scan for Staging Low Risk Prostate Cancer Patients,Process,no,no,no,None,None,no,no,,,,,,,,,,,,,,,,,,,,,,,,,,,,,,,,,
2025,102,Prostate Cancer: Avoidance of Overuse of Bone Scan for Staging Low Risk Prostate Cancer Patients,Process,no,no,no,None,None,no,no,,,,,,,,,,,,,,,,,,,,,,,,,,,,,,,,,
2026,102,Prostate Cancer: Avoidance of Overuse of Bone Scan for Staging Low Risk Prostate Cancer Patients,Process,no,no,no,None,None,no,no,,,,,,,,,,,,,,,,,,,,,,,,,,,,,,,,,
2023,110,Preventive Care and Screening: Influenza Immunization,Process,no,yes,yes,Historical,Historical,no,no,43.92,70.41,26.489999999999995,0.19,0.51,0.32,5.33,18.67,13.340000000000002,17.7,40.36,22.66,27.74,57.41,29.669999999999998,36.15,68.37,32.220000000000006,43.91,81.42,37.510000000000005,51.19,90.6,39.41,58.14,96.17,38.03,67.23,99.37,32.14,82.04,100.0,17.959999999999994
2023,111,Pneumococcal Vaccination Status for Older Adults,Process,no,no,no,None,Historical,no,no,,68.98,,,0.8,,,31.24,,,51.62,,,62.82,,,69.63,,,74.7,,,79.23,,,83.71,,,89.62,,,98.23,
2023,112,Breast Cancer Screening,Process,no,yes,yes,Historical,Historical,no,no,50.99,63.07,12.079999999999998,0.27,0.24,-0.030000000000000027,9.23,15.37,6.139999999999999,27.56,36.27,8.710000000000004,39.42,47.83,8.409999999999997,48.18,59.02,10.840000000000003,54.84,68.59,13.75,60.57,76.82,16.249999999999993,66.82,83.9,17.080000000000013,73.31,93.75,20.439999999999998,82.05,100.0,17.950000000000003
2024,112,Breast Cancer Screening,Process,no,yes,yes,Historical,Historical,no,no,53.86,68.94,15.079999999999998,0.2,0.43,0.22999999999999998,8.29,29.74,21.45,28.46,49.39,20.93,42.76,58.09,15.330000000000005,52.42,67.09,14.670000000000002,59.79,75.16,15.369999999999997,65.64,79.61,13.969999999999999,71.43,86.36,14.929999999999993,77.12,94.06,16.939999999999998,84.56,100.0,15.439999999999998
2025,112,Breast Cancer Screening,Process,no,yes,yes,Historical,Historical,no,no,56.08,69.16,13.079999999999998,0.18,1.2,1.02,9.48,29.56,20.08,32.76,45.87,13.11,46.11,57.89,11.780000000000001,55.16,67.87,12.710000000000008,62.6,76.47,13.869999999999997,68.22,81.94,13.719999999999999,73.37,87.64,14.269999999999996,78.9,95.31,16.409999999999997,85.59,100.0,14.409999999999997
2026,112,Breast Cancer Screening,Process,no,no,no,None,None,no,no,,,,,,,,,,,,,,,,,,,,,,,,,,,,,,,,,
2023,113,Colorectal Cancer Screening,Process,no,yes,yes,Historical,Historical,no,no,49.64,56.97,7.329999999999998,0.18,0.3,0.12,7.22,4.56,-2.66,22.61,18.09,-4.52,34.53,37.7,3.1700000000000017,43.9,52.67,8.770000000000003,51.89,63.67,11.780000000000001,59.65,72.42,12.770000000000003,66.98,80.95,13.969999999999999,75.51,90.25,14.739999999999995,85.69,99.55,13.86
2025,113,Colorectal Cancer Screening,Process,no,yes,yes,Historical,Historical,no,no,49.8,71.31,21.510000000000005,0.12,1.21,1.0899999999999999,5.71,26.42,20.71,23.98,50.0,26.02,36.1,65.11,29.009999999999998,45.9,70.92,25.020000000000003,53.54,78.93,25.390000000000008,60.33,83.45,23.120000000000005,67.16,89.04,21.88000000000001,73.82,97.13,23.310000000000002,83.55,100.0,16.450000000000003
2026,113,Colorectal Cancer Screening,Process,no,no,no,None,None,no,no,,,,,,,,,,,,,,,,,,,,,,,,,,,,,,,,,
2023,117,Diabetes: Eye Exam,Process,no,yes,yes,Historical,Historical,no,yes,54.86,89.25,34.39,0.59,1.3,0.7100000000000001,5.9,48.29,42.39,13.82,95.68,81.86000000000001,23.0,99.04,76.04,33.26,99.74,66.47999999999999,46.04,,,80.51,,,97.65,,,99.21,,,100.0,100.0,0.0
2024,117,Diabetes: Eye Exam,Process,no,yes,yes,Historical,Historical,no,yes,59.95,93.63,33.67999999999999,0.5,10.26,9.76,6.33,80.0,73.67,16.15,96.46,80.31,27.25,99.21,71.96,41.09,,,65.67,,,93.57,,,98.46,,,99.66,,,100.0,100.0,0.0
2025,117,Diabetes: Eye Exam,Process,no,yes,yes,Historical,Historical,no,yes,62.45,94.57,32.11999999999999,0.49,16.51,16.020000000000003,6.93,85.69,78.75999999999999,16.92,97.14,80.22,28.22,99.53,71.31,43.85,,,80.22,,,98.74,,,99.66,,,,,,100.0,100.0,0.0
2026,117,Diabetes: Eye Exam,Process,no,yes,yes,Historical,Historical,no,yes,62.05,91.8,29.75,0.45,1.8,1.35,5.88,71.07,65.19,15.38,93.2,77.82000000000001,26.78,99.38,72.6,43.01,,,80.37,,,98.93,,,99.63,,,,,,100.0,100.0,0.0
2023,128,Preventive Care and Screening: Body Mass Index (BMI) Screening and Follow-Up Plan,Process,no,yes,yes,Historical,Historical,no,yes,47.16,82.95,35.790000000000006,1.6,2.28,0.6799999999999997,16.63,31.82,15.190000000000001,21.43,64.94,43.51,25.8,85.33,59.53,30.98,94.62,63.64,37.2,98.35,61.14999999999999,45.66,99.72,54.06,61.66,,,83.63,,,95.47,100.0,4.530000000000001
2024,128,Preventive Care and Screening: Body Mass Index (BMI) Screening and Follow-Up Plan,Process,no,yes,yes,Historical,Historical,no,yes,49.56,85.84,36.28,4.31,1.2,-3.1099999999999994,18.12,39.83,21.709999999999997,22.09,75.1,53.00999999999999,25.62,91.89,66.27,29.95,98.32,68.36999999999999,36.84,99.76,62.92,51.43,,,73.22,,,87.42,,,96.49,100.0,3.510000000000005
2025,128,Preventive Care and Screening: Body Mass Index (BMI) Screening and Follow-Up Plan,Process,no,yes,yes,Historical,Historical,no,yes,47.09,86.9,39.81,1.58,2.04,0.45999999999999996,16.62,40.84,24.220000000000002,21.41,80.65,59.24000000000001,25.78,94.23,68.45,30.92,98.24,67.32,37.18,99.76,62.580000000000005,45.55,,,61.49,,,83.39,,,95.39,100.0,4.609999999999999
2026,128,Preventive Care and Screening: Body Mass Index (BMI) Screening and Follow-Up Plan,Process,no,yes,yes,Historical,Historical,no,no,71.71,58.11,-13.599999999999994,4.5,0.17,-4.33,31.26,7.38,-23.880000000000003,38.65,17.24,-21.41,61.6,20.56,-41.040000000000006,77.91,49.56,-28.349999999999994,85.71,70.54,-15.169999999999987,90.17,86.21,-3.960000000000008,91.5,93.48,1.980000000000004,94.76,96.69,1.9299999999999926,96.69,100.0,3.3100000000000023
2023,130,Documentation of Current Medications in the Medical Record,Process,no,yes,yes,Historical,Historical,yes,yes,88.5,86.45,-2.049999999999997,7.66,2.6,-5.0600000000000005,66.25,30.29,-35.96,83.08,87.26,4.180000000000007,89.82,95.57,5.75,93.63,98.62,4.990000000000009,96.12,99.74,3.6199999999999903,97.75,99.99,2.239999999999995,98.79,,,99.47,,,99.87,100.0,0.12999999999999545
2024,130,Documentation of Current Medications in the Medical Record,Process,no,yes,yes,Historical,Historical,yes,yes,86.81,90.69,3.8799999999999955,5.12,3.8,-1.3200000000000003,61.38,68.13,6.749999999999993,80.25,93.0,12.75,87.91,98.23,10.320000000000007,92.24,99.65,7.410000000000011,95.21,99.95,4.740000000000009,97.08,,,98.33,,,99.27,,,99.88,100.0,0.12000000000000455
2025,130,Documentation of Current Medications in the Medical Record,Process,no,yes,yes,Historical,Historical,yes,yes,86.93,91.38,4.449999999999989,3.4,4.13,0.73,60.64,70.82,10.179999999999993,80.58,94.2,13.620000000000005,88.72,98.38,9.659999999999997,92.95,99.68,6.730000000000004,95.66,99.99,4.329999999999998,97.45,,,98.61,,,99.46,,,99.91,100.0,0.09000000000000341
2026,130,Documentation of Current Medications in the Medical Record,Process,no,yes,yes,Historical,Historical,yes,yes,87.08,92.26,5.180000000000007,2.94,3.65,0.71,60.96,78.38,17.419999999999995,80.45,96.34,15.89,88.9,99.49,10.58999999999999,93.33,,,95.98,,,97.76,,,98.87,,,99.65,,,99.96,100.0,0.04000000000000625
2023,134,Preventive Care and Screening: Screening for Depression and Follow-Up Plan,Process,no,yes,yes,Historical,Historical,no,yes,39.95,83.32,43.36999999999999,0.07,0.05,-0.020000000000000004,1.8,27.21,25.41,7.13,72.82,65.69,15.39,90.13,74.74,24.4,96.65,72.25,33.79,98.72,64.93,45.43,99.65,54.220000000000006,58.94,,,72.82,,,90.52,100.0,9.480000000000004
2024,134,Preventive Care and Screening: Screening for Depression and Follow-Up Plan,Process,no,yes,yes,Historical,Historical,no,yes,45.55,89.55,44.0,0.07,0.05,-0.020000000000000004,2.7,61.77,59.07,11.42,89.46,78.03999999999999,21.65,97.25,75.6,31.79,99.22,67.43,42.69,99.97,57.28,53.94,,,67.48,,,80.72,,,93.44,100.0,6.560000000000002
2025,134,Preventive Care and Screening: Screening for Depression and Follow-Up Plan,Process,no,yes,yes,Historical,Historical,no,yes,48.51,89.24,40.73,0.09,0.08,-0.009999999999999995,4.96,61.68,56.72,15.06,84.5,69.44,24.74,97.71,72.97,35.28,99.78,64.5,45.95,,,58.11,,,71.39,,,84.23,,,94.99,100.0,5.010000000000005
2026,134,Preventive Care and Screening: Screening for Depression and Follow-Up Plan,Process,no,yes,yes,Historical,Historical,no,yes,45.55,85.58,40.03,0.07,0.07,0.0,2.7,40.34,37.64,11.42,76.3,64.88,21.65,94.01,72.36000000000001,31.79,98.97,67.18,42.69,99.82,57.129999999999995,53.94,,,67.48,,,80.72,,,93.44,100.0,6.560000000000002
2023,143,Oncology: Medical and Radiation - Pain Intensity Quantified,Process,no,yes,yes,Historical,Historical,yes,yes,84.94,93.05,8.11,2.31,20.27,17.96,43.54,74.86,31.32,80.0,94.89,14.89,90.65,97.55,6.8999999999999915,94.69,98.72,4.030000000000001,96.89,99.31,2.4200000000000017,98.02,99.9,1.8800000000000097,98.92,,,99.64,,,100.0,100.0,0.0
2024,143,Oncology: Medical and Radiation - Pain Intensity Quantified,Process,no,yes,yes,Historical,Historical,yes,yes,83.7,94.25,10.549999999999997,2.12,1.6,-0.52,24.05,81.73,57.68000000000001,77.95,97.06,19.11,90.65,99.54,8.89,94.63,,,96.72,,,98.06,,,98.74,,,99.38,,,99.96,100.0,0.04000000000000625
2025,143,Oncology: Medical and Radiation - Pain Intensity Quantified,Process,no,yes,yes,Historical,Historical,yes,yes,84.6,95.95,11.350000000000009,84.0,84.0,0.0,86.0,86.0,0.0,88.0,88.0,0.0,90.0,90.0,0.0,92.0,92.0,0.0,94.0,94.0,0.0,96.0,96.0,0.0,98.0,98.0,0.0,99.0,99.0,0.0,100.0,100.0,0.0
2026,143,Oncology: Medical and Radiation - Pain Intensity Quantified,Process,no,yes,yes,Historical,Historical,yes,yes,77.99,92.71,14.719999999999999,84.0,84.0,0.0,86.0,86.0,0.0,88.0,88.0,0.0,90.0,90.0,0.0,92.0,92.0,0.0,94.0,94.0,0.0,96.0,96.0,0.0,98.0,98.0,0.0,99.0,99.0,0.0,100.0,100.0,0.0
2023,191,Cataracts: 20/40 or Better Visual Acuity within 90 Days Following Cataract Surgery,Outcome,no,yes,yes,Historical,Historical,no,no,90.96,94.96,4.0,17.24,23.55,6.310000000000002,74.48,85.71,11.22999999999999,88.08,92.91,4.829999999999998,92.67,97.03,4.359999999999999,95.14,98.36,3.219999999999999,96.77,99.18,2.410000000000011,97.86,,,98.63,,,99.27,,,100.0,100.0,0.0
2024,191,Cataracts: 20/40 or Better Visual Acuity within 90 Days Following Cataract Surgery,Outcome,no,yes,yes,Historical,Historical,no,yes,92.92,97.03,4.109999999999999,28.7,51.85,23.150000000000002,82.29,93.75,11.459999999999994,91.07,97.05,5.980000000000004,94.67,98.54,3.8700000000000045,96.43,99.28,2.8499999999999943,97.5,,,98.31,,,98.93,,,99.52,,,100.0,100.0,0.0
2025,191,Cataracts: 20/40 or Better Visual Acuity within 90 Days Following Cataract Surgery,Outcome,no,yes,yes,Historical,Historical,yes,yes,95.98,98.35,2.3699999999999903,38.22,72.76,34.540000000000006,92.57,95.52,2.950000000000003,95.18,97.97,2.789999999999992,96.62,98.85,2.2299999999999898,97.54,99.42,1.8799999999999955,98.23,,,98.81,,,99.25,,,,,,100.0,100.0,0.0
2026,191,Cataracts: 20/40 or Better Visual Acuity within 90 Days Following Cataract Surgery,Outcome,no,yes,yes,Historical,Historical,no,yes,95.45,97.81,2.3599999999999994,41.31,68.18,26.870000000000005,92.02,96.17,4.150000000000006,94.99,99.18,4.190000000000012,96.42,,,97.41,,,98.07,,,98.68,,,99.14,,,99.71,,,100.0,100.0,0.0
2024,205,Sexually Transmitted Infection (STI) Testing for People with HIV,Process,no,no,no,None,None,no,no,,,,,,,,,,,,,,,,,,,,,,,,,,,,,,,,,
2025,205,Sexually Transmitted Infection (STI) Testing for People with HIV,Process,no,no,no,None,None,no,no,,,,,,,,,,,,,,,,,,,,,,,,,,,,,,,,,
2026,205,Sexually Transmitted Infection (STI) Testing for People with HIV,Process,no,no,no,None,None,no,no,,,,,,,,,,,,,,,,,,,,,,,,,,,,,,,,,
2023,226,Preventive Care and Screening: Tobacco Use: Screening and Cessation Intervention,Process,no,yes,yes,Historical,Historical,no,no,58.23,70.55,12.32,2.05,2.88,0.8300000000000001,13.95,17.3,3.3500000000000014,25.0,34.62,9.619999999999997,36.11,53.74,17.630000000000003,48.0,72.0,24.0,60.36,84.85,24.489999999999995,72.5,92.86,20.36,84.0,97.78,13.780000000000001,92.31,,,98.33,100.0,1.6700000000000017
2024,226,Preventive Care and Screening: Tobacco Use: Screening and Cessation Intervention,Process,no,yes,yes,Historical,Historical,no,no,59.2,73.71,14.509999999999991,2.22,3.39,1.17,14.29,18.92,4.630000000000003,25.0,39.13,14.130000000000003,36.59,61.54,24.949999999999996,49.78,78.6,28.819999999999993,61.54,89.29,27.750000000000007,74.42,97.1,22.679999999999993,85.71,,,94.03,,,100.0,100.0,0.0
2025,226,Preventive Care and Screening: Tobacco Use: Screening and Cessation Intervention,Process,no,yes,yes,Historical,Historical,no,yes,63.13,80.27,17.139999999999993,3.23,3.12,-0.10999999999999988,16.39,28.57,12.18,28.59,58.28,29.69,42.05,77.78,35.730000000000004,55.26,89.8,34.54,67.74,96.51,28.77000000000001,80.91,99.56,18.650000000000006,90.62,,,97.14,,,100.0,100.0,0.0
2026,226,Preventive Care and Screening: Tobacco Use: Screening and Cessation Intervention,Process,no,yes,yes,Historical,Historical,no,yes,66.95,85.77,18.819999999999993,4.17,4.17,0.0,19.23,41.67,22.44,33.33,75.0,41.67,46.58,90.77,44.19,61.57,98.65,37.080000000000005,75.97,,,87.41,,,94.74,,,98.82,,,100.0,100.0,0.0
2023,236,Controlling High Blood Pressure,Intermediate Outcome,no,no,yes,Historical,Flat,no,no,62.3,68.96,6.659999999999997,2.74,1.0,,41.96,10.0,,51.36,20.0,,56.61,30.0,,60.71,40.0,,64.24,50.0,,67.55,60.0,,71.1,70.0,,75.28,80.0,,81.35,90.0,
2024,236,Controlling High Blood Pressure,Intermediate Outcome,no,no,yes,Historical,Flat,no,no,66.06,71.26,5.200000000000003,4.76,1.0,,45.28,10.0,,55.56,20.0,,61.54,30.0,,65.61,40.0,,68.98,50.0,,72.0,60.0,,75.0,70.0,,78.7,80.0,,84.04,90.0,
2025,236,Controlling High Blood Pressure,Intermediate Outcome,no,no,yes,Historical,Flat,no,no,66.23,72.82,6.589999999999989,5.56,1.0,,45.71,10.0,,55.17,20.0,,61.16,30.0,,65.32,40.0,,68.74,50.0,,71.94,60.0,,75.31,70.0,,79.31,80.0,,84.74,90.0,
2026,236,Controlling High Blood Pressure,Intermediate Outcome,no,no,yes,Historical,Flat,no,no,66.06,68.71,2.6499999999999915,4.76,1.0,,45.28,10.0,,55.56,20.0,,61.54,30.0,,65.61,40.0,,68.98,50.0,,72.0,60.0,,75.0,70.0,,78.7,80.0,,84.04,90.0,
2023,238,Use of High-Risk Medications in Older Adults,Process,yes,yes,yes,Historical,Historical,yes,yes,3.38,1.34,2.04,21.82,20.0,1.8200000000000003,10.55,3.73,6.82,6.7,0.63,6.07,3.84,0.05,3.79,1.79,,,0.64,,,0.16,,,,,,,,,0.0,0.0,0.0
2024,238,Use of High-Risk Medications in Older Adults,Process,yes,yes,yes,Historical,Historical,no,no,4.79,0.7,4.09,30.71,9.62,21.090000000000003,15.85,0.02,15.83,10.16,,,5.23,,,2.02,,,0.66,,,0.14,,,,,,,,,0.0,0.0,0.0
2025,238,Use of High-Risk Medications in Older Adults,Process,yes,yes,yes,Historical,Historical,yes,yes,4.51,0.3,4.21,30.03,5.97,24.060000000000002,15.43,,,9.43,,,4.3,,,1.67,,,0.52,,,0.09,,,,,,,,,0.0,0.0,0.0
2026,238,Use of High-Risk Medications in Older Adults,Process,yes,yes,yes,Historical,Historical,yes,yes,4.79,0.7,4.09,30.71,9.62,21.090000000000003,15.85,0.02,15.83,10.16,,,5.23,,,2.02,,,0.66,,,0.14,,,,,,,,,0.0,0.0,0.0
2023,317,Preventive Care and Screening: Screening for High Blood Pressure and Follow-Up Documented,Process,no,yes,yes,Historical,Historical,no,no,26.47,55.98,29.509999999999998,0.06,0.05,-0.009999999999999995,5.78,12.04,6.259999999999999,13.7,21.49,7.789999999999999,17.68,28.33,10.649999999999999,21.05,35.87,14.819999999999997,23.96,50.25,26.29,27.1,71.53,44.43,30.59,91.76,61.17,35.34,98.69,63.349999999999994,44.34,100.0,55.66
2024,317,Preventive Care and Screening: Screening for High Blood Pressure and Follow-Up Documented,Process,no,yes,yes,Historical,Historical,no,no,24.9,62.35,37.45,0.06,0.11,0.05,4.42,7.07,2.6500000000000004,12.47,18.21,5.74,17.06,27.76,10.700000000000003,19.95,48.05,28.099999999999998,22.8,81.64,58.84,25.7,93.86,68.16,28.79,98.93,70.14000000000001,33.11,99.93,66.82000000000001,40.8,100.0,59.2
2025,317,Preventive Care and Screening: Screening for High Blood Pressure and Follow-Up Documented,Process,no,yes,yes,Historical,Historical,no,no,27.1,68.66,41.559999999999995,0.05,0.12,0.06999999999999999,4.34,14.23,9.89,14.38,28.16,13.78,18.89,41.53,22.64,22.51,66.93,44.42,25.39,89.4,64.01,28.47,97.18,68.71000000000001,31.89,99.82,67.92999999999999,36.17,,,44.96,100.0,55.04
2026,317,Preventive Care and Screening: Screening for High Blood Pressure and Follow-Up Documented,Process,no,yes,yes,Historical,Historical,no,yes,28.13,73.53,45.400000000000006,0.05,0.13,0.08,5.05,18.86,13.809999999999999,15.11,32.49,17.380000000000003,19.85,54.28,34.43,23.2,82.65,59.45,26.24,97.66,71.42,29.12,,,32.26,,,36.56,,,45.84,100.0,54.16
2024,338,HIV Viral Suppression,Outcome,no,no,no,None,Historical,no,no,,89.56,,,11.81,,,68.27,,,86.78,,,91.38,,,94.24,,,95.85,,,,,,,,,,,,100.0,
2025,338,HIV Viral Suppression,Outcome,no,no,no,None,Historical,no,no,,93.82,,,38.04,,,78.78,,,90.91,,,93.7,,,96.97,,,98.61,,,,,,,,,,,,100.0,
2026,338,HIV Viral Suppression,Outcome,no,no,no,None,Historical,no,yes,,95.49,,,76.6,,,89.19,,,90.93,,,93.16,,,95.12,,,98.72,,,99.48,,,,,,,,,100.0,
2025,340,HIV Annual Retention in Care,Process,no,no,no,None,None,no,no,,,,,,,,,,,,,,,,,,,,,,,,,,,,,,,,,
2026,340,HIV Annual Retention in Care,Process,no,no,no,None,None,no,no,,,,,,,,,,,,,,,,,,,,,,,,,,,,,,,,,
2023,370,Depression Remission at Twelve Months,Outcome,no,no,no,Historical,None,no,no,11.13,,,0.52,,,1.92,,,3.13,,,4.47,,,5.94,,,8.0,,,9.73,,,12.2,,,16.67,,,24.66,,
2024,370,Depression Remission at Twelve Months,Outcome,no,no,no,Historical,None,no,no,12.33,,,0.48,,,2.08,,,3.5,,,4.96,,,6.93,,,8.95,,,10.89,,,14.0,,,18.16,,,25.0,,
2025,370,Depression Remission at Twelve Months,Outcome,no,no,no,Historical,None,no,no,12.72,,,0.78,,,2.37,,,3.85,,,5.52,,,7.32,,,9.15,,,11.63,,,14.0,,,18.14,,,27.54,,
2026,370,Depression Remission at Twelve Months,Outcome,no,no,no,Historical,None,no,no,13.93,,,0.83,,,2.36,,,4.46,,,6.06,,,7.86,,,10.0,,,12.5,,,15.7,,,20.0,,,28.69,,
2023,374,Closing the Referral Loop: Receipt of Specialist Report,Process,no,yes,yes,Historical,Historical,no,yes,37.92,82.71,44.78999999999999,0.5,0.9,0.4,4.85,30.43,25.58,11.36,66.94,55.58,17.31,84.38,67.07,23.48,95.12,71.64,30.5,,,38.83,,,50.51,,,66.57,,,85.71,100.0,14.290000000000006
2024,374,Closing the Referral Loop: Receipt of Specialist Report,Process,no,yes,yes,Historical,Historical,no,no,45.63,89.54,43.910000000000004,0.73,1.54,0.81,8.33,56.72,48.39,18.61,90.0,71.39,27.38,97.37,69.99000000000001,35.17,,,43.02,,,51.3,,,60.19,,,72.09,,,89.29,100.0,10.709999999999994
2025,374,Closing the Referral Loop: Receipt of Specialist Report,Process,no,yes,yes,Historical,Historical,no,yes,46.69,89.33,42.64,0.65,3.26,2.61,6.93,54.71,47.78,17.39,88.79,71.4,26.79,97.75,70.96000000000001,34.84,,,43.31,,,52.0,,,61.54,,,78.17,,,95.24,100.0,4.760000000000005
2026,374,Closing the Referral Loop: Receipt of Specialist Report,Process,no,yes,yes,Historical,Historical,no,yes,46.43,89.54,43.11000000000001,0.57,1.54,0.9700000000000001,5.77,56.72,50.95,15.69,90.0,74.31,24.96,97.37,72.41,33.79,,,42.86,,,52.18,,,62.5,,,79.54,,,95.76,100.0,4.239999999999995
2023,438,Statin Therapy for the Prevention and Treatment of Cardiovascular Disease,Process,no,yes,yes,Historical,Historical,no,no,73.08,82.01,8.930000000000007,32.98,20.5,-12.479999999999997,60.84,62.01,1.1699999999999946,66.65,70.7,4.049999999999997,69.78,76.65,6.8700000000000045,72.39,79.88,7.489999999999995,74.61,83.95,9.340000000000003,76.62,87.63,11.009999999999991,78.79,91.78,12.989999999999995,81.42,,,84.75,100.0,15.25
2024,438,Statin Therapy for the Prevention and Treatment of Cardiovascular Disease,Process,no,yes,yes,Historical,Historical,no,no,78.25,75.6,-2.6500000000000057,24.47,15.88,-8.589999999999998,67.86,42.85,-25.009999999999998,73.1,58.74,-14.359999999999992,76.01,68.81,-7.200000000000003,78.2,73.66,-4.540000000000006,80.05,78.03,-2.019999999999996,81.98,83.53,1.5499999999999972,83.95,89.27,5.319999999999993,86.13,99.78,13.650000000000006,89.01,100.0,10.989999999999995
2025,438,Statin Therapy for the Prevention and Treatment of Cardiovascular Disease,Process,no,no,no,None,None,no,no,,,,,,,,,,,,,,,,,,,,,,,,,,,,,,,,,
2026,438,Statin Therapy for the Prevention and Treatment of Cardiovascular Disease,Process,no,yes,yes,Historical,Historical,no,no,78.25,75.6,-2.6500000000000057,24.47,15.88,-8.589999999999998,67.86,42.85,-25.009999999999998,73.1,58.74,-14.359999999999992,76.01,68.81,-7.200000000000003,78.2,73.66,-4.540000000000006,80.05,78.03,-2.019999999999996,81.98,83.53,1.5499999999999972,83.95,89.27,5.319999999999993,86.13,99.78,13.650000000000006,89.01,100.0,10.989999999999995
2023,488,Kidney Health Evaluation,Process,no,yes,yes,Historical,Historical,no,no,19.34,53.01,33.67,0.13,1.63,1.5,2.38,19.28,16.900000000000002,5.41,26.16,20.75,8.2,32.0,23.8,11.11,38.41,27.299999999999997,14.06,45.41,31.349999999999994,18.03,57.1,39.07,23.57,80.54,56.970000000000006,31.46,90.75,59.29,44.44,100.0,55.56
2024,488,Kidney Health Evaluation,Process,no,no,no,None,Historical,no,no,,48.67,,,1.91,,,15.87,,,24.81,,,33.51,,,43.36,,,47.19,,,51.05,,,54.65,,,66.99,,,96.25,
2025,488,Kidney Health Evaluation,Process,no,no,no,None,Historical,no,no,,50.58,,,1.63,,,19.28,,,25.35,,,30.41,,,37.86,,,40.82,,,49.46,,,65.93,,,88.64,,,98.2,
2026,488,Kidney Health Evaluation,Process,no,no,no,None,Historical,no,no,,48.67,,,1.91,,,15.87,,,24.81,,,33.51,,,43.36,,,47.19,,,51.05,,,54.65,,,66.99,,,96.25,
