collection_group,track,rev,hcc_agnd,hcc_agdu,pct_dual,qual_score,m001,m134,m236
eCQM,E,Low Revenue,1.01,1.003,6.04,75.29,32.41,35.54,75.39
WI,EN,High Revenue,1.088,1.095,8.93,85.37,6.55,93.41,85.15
WI,EN,Low Revenue,1.2,1.12,3.74,83.25,8.0,88.15,93.36
WI,EN,Low Revenue,1.195,1.285,2.86,93.34,3.07,90.6,94.59
WI,E,Low Revenue,0.993,0.944,11.55,80.37,9.87,62.03,76.52
WI,E,Low Revenue,0.974,0.867,7.63,86.21,9.62,76.58,80.95
WI,EN,High Revenue,1.052,1.103,12.63,87.61,6.95,86.02,85.06
WI,EN,Low Revenue,1.02,0.86,13.88,87.24,9.56,88.89,82.94
WI,EN,Low Revenue,1.19,1.319,2.26,87.89,7.69,84.54,81.39
WI,E,High Revenue,0.975,0.948,5.2,82.45,8.89,78.87,80.47
WI,EN,High Revenue,0.974,0.922,4.14,90.84,10.17,91.84,88.14
WI,EN,Low Revenue,1.002,1.035,8.11,93.28,7.55,90.03,84.04
WI,EN,High Revenue,1.056,1.163,4.75,92.87,6.61,94.44,82.21
WI,EN,High Revenue,0.987,0.987,4.62,93.23,8.15,89.84,85.38
WI,E,Low Revenue,1.077,1.004,5.65,85.23,5.74,82.43,79.54
WI,E,Low Revenue,1.031,1.071,6.49,94.86,3.43,94.05,91.86
WI,E,Low Revenue,1.095,1.162,6.44,83.09,10.84,76.49,75.38
WI,E,Low Revenue,0.989,0.953,5.63,83.6,8.21,85.47,77.57
WI,B,Low Revenue,0.966,0.949,6.89,84.27,8.73,84.96,80.64
WI,E,Low Revenue,0.876,0.757,3.64,85.59,6.14,80.27,87.73
WI,B,Low Revenue,0.981,0.987,3.91,82.31,4.96,91.07,80.92
WI,B,High Revenue,1.03,0.905,17.46,83.31,7.97,87.11,73.86
WI,E,High Revenue,1.021,0.934,11.14,85.92,8.42,78.66,78.1
WI,EN,Low Revenue,0.846,0.894,41.79,89.46,6.15,85.79,91.01
WI,EN,Low Revenue,0.962,0.838,10.57,96.65,10.41,89.78,84.87
WI,E,Low Revenue,1.059,1.178,4.84,89.6,5.48,93.68,88.66
WI,EN,High Revenue,0.99,1.092,6.16,90.53,8.25,86.75,89.77
WI,EN,High Revenue,1.047,1.065,3.87,89.28,7.86,80.13,80.2
WI,B,High Revenue,1.0,0.938,10.71,76.59,4.96,71.6,78.92
WI,E,Low Revenue,1.088,1.041,17.42,89.08,7.97,75.81,83.4
WI,EN,High Revenue,1.124,1.036,5.76,91.45,5.62,94.07,86.8
WI,EN,High Revenue,0.958,0.923,1.93,81.86,7.33,80.72,68.77
WI,E,High Revenue,1.073,1.106,9.57,83.54,5.67,64.71,81.37
WI,EN,Low Revenue,1.266,1.148,7.43,93.5,8.0,88.12,90.49
WI,EN,Low Revenue,0.828,0.736,19.09,85.53,14.94,98.26,78.28
WI,B,High Revenue,0.988,1.101,6.52,71.3,10.4,91.86,65.73
WI,EN,High Revenue,0.907,0.848,60.79,78.06,11.64,85.77,79.84
WI,E,High Revenue,0.988,0.912,4.44,89.39,7.61,72.64,80.85
WI,EN,Low Revenue,1.356,1.187,4.15,82.17,9.64,77.08,85.48
WI,C,Low Revenue,0.852,0.787,3.73,79.78,9.2,77.91,78.82
WI,B,Low Revenue,1.088,0.901,14.22,83.4,5.63,56.56,85.28
WI,E,Low Revenue,1.101,0.907,11.74,88.33,8.79,82.53,86.93
WI,E,High Revenue,0.989,1.042,3.04,88.32,6.65,69.57,80.61
WI,E,Low Revenue,1.013,0.973,4.0,90.65,9.14,80.86,74.5
WI,EN,High Revenue,1.02,1.028,6.01,83.57,5.81,87.69,82.21
WI,EN,High Revenue,0.936,0.849,1.6,90.26,7.88,65.87,80.08
WI,B,Low Revenue,0.889,1.156,4.23,88.38,3.63,95.62,91.19
WI,EN,Low Revenue,1.002,0.958,2.76,89.67,4.42,86.37,85.1
WI,B,High Revenue,0.817,0.695,7.41,81.42,10.51,86.7,75.77
WI,B,High Revenue,0.977,1.113,4.78,77.66,10.55,81.66,70.0
WI,EN,High Revenue,0.983,0.97,10.48,88.29,8.81,97.26,84.06
WI,EN,Low Revenue,1.022,0.95,5.31,87.46,9.23,75.69,83.2
WI,E,Low Revenue,1.112,1.218,7.07,95.69,3.7,96.76,98.43
WI,E,High Revenue,0.991,0.865,7.71,80.42,11.72,74.86,70.66
WI,E,Low Revenue,0.848,0.881,0.87,90.84,4.31,94.03,87.29
WI,B,Low Revenue,0.942,1.119,15.29,79.59,8.28,78.32,76.34
WI,E,Low Revenue,0.827,0.713,43.46,80.91,16.01,94.21,77.0
WI,EN,High Revenue,0.949,0.806,4.69,77.78,9.41,87.14,80.31
WI,B,Low Revenue,0.838,0.726,3.16,85.31,10.98,65.27,88.32
WI,B,High Revenue,0.963,0.955,15.78,71.44,8.28,81.74,79.06
WI,EN,Low Revenue,1.156,1.008,11.47,86.98,8.46,84.59,88.08
WI,EN,High Revenue,0.943,0.831,6.13,80.98,9.91,78.14,70.4
WI,E,Low Revenue,1.155,1.209,15.87,80.14,11.85,86.89,85.11
WI,E,High Revenue,0.904,0.9,3.13,91.6,5.22,86.04,88.19
WI,EN,High Revenue,0.884,0.733,6.99,84.78,8.44,88.65,86.96
WI,EN,High Revenue,1.008,0.939,3.56,90.92,9.48,91.17,74.92
eCQM,EN,High Revenue,1.155,1.097,4.71,75.6,20.91,74.12,73.89
WI,EN,High Revenue,1.158,1.062,14.93,84.05,5.13,95.54,83.22
WI,E,Low Revenue,0.871,0.811,2.26,79.91,8.64,89.1,78.15
WI,E,Low Revenue,0.842,0.696,2.59,93.12,9.64,83.27,84.29
WI,B,Low Revenue,1.05,0.955,7.91,86.89,5.86,87.07,83.66
WI,EN,High Revenue,1.059,0.993,8.07,84.3,9.48,85.71,80.0
WI,E,Low Revenue,0.936,0.969,16.24,76.63,9.72,71.16,91.0
WI,EN,High Revenue,1.095,0.954,6.33,89.01,5.19,77.62,78.3
WI,B,Low Revenue,0.921,1.171,86.08,80.98,15.28,83.88,86.49
WI,EN,Low Revenue,0.978,0.849,12.05,84.06,9.69,76.89,82.23
WI,EN,Low Revenue,1.068,1.045,4.55,82.71,7.14,86.3,76.08
eCQM,E,High Revenue,1.089,1.204,5.06,77.98,20.94,76.73,72.32
WI,B,High Revenue,0.918,0.978,8.12,79.42,4.75,84.29,74.09
WI,B,Low Revenue,0.842,0.777,5.35,87.97,5.7,89.51,74.0
WI,EN,High Revenue,0.983,0.94,2.62,94.24,5.62,94.23,84.57
WI,EN,Low Revenue,0.92,0.854,0.91,85.71,6.6,75.54,77.78
WI,EN,High Revenue,1.112,1.122,7.44,90.69,3.17,85.89,90.14
WI,EN,Low Revenue,1.189,1.033,1.55,94.31,3.83,95.45,88.45
WI,EN,Low Revenue,1.096,1.028,6.93,88.1,5.86,88.66,89.29
WI,A,High Revenue,0.971,1.005,11.17,85.32,7.63,64.77,74.81
WI,B,High Revenue,0.952,0.987,8.14,75.65,8.01,62.73,76.15
WI,B,High Revenue,0.9,0.856,5.41,77.7,12.93,71.57,74.69
WI,EN,High Revenue,1.232,1.297,2.96,84.34,4.81,86.49,77.0
WI,EN,High Revenue,1.025,0.889,6.98,83.93,7.91,65.94,91.45
WI,B,High Revenue,0.988,0.89,24.85,82.98,8.93,78.28,80.37
WI,B,High Revenue,0.969,0.896,16.97,77.97,8.02,80.4,85.27
WI,EN,High Revenue,1.08,1.101,5.24,88.15,9.2,90.38,87.82
WI,B,High Revenue,0.926,1.004,12.34,72.1,13.48,85.49,77.86
WI,B,High Revenue,0.995,1.033,5.82,83.05,3.6,88.69,76.98
eCQM,B,Low Revenue,1.077,1.111,11.4,51.94,23.87,21.65,66.91
WI,D,Low Revenue,0.936,1.038,21.78,74.21,15.98,50.76,87.73
eCQM,EN,Low Revenue,0.997,1.049,6.18,75.13,18.87,92.79,77.79
WI,B,High Revenue,1.034,0.997,2.16,92.6,5.32,77.78,88.18
WI,EN,High Revenue,1.028,0.791,52.52,77.06,11.43,81.78,72.44
MIPS CQM,EN,Low Revenue,2.098,1.566,41.47,54.08,20.63,77.43,87.55
WI,B,Low Revenue,1.036,1.027,9.08,82.44,5.86,94.72,72.76
WI,B,Low Revenue,1.071,0.908,10.43,86.54,4.42,88.16,75.81
WI,B,High Revenue,0.992,1.163,16.42,82.91,8.89,75.91,84.85
WI,D,Low Revenue,1.025,0.79,2.65,85.62,7.6,87.94,85.94
WI,E,Low Revenue,0.983,0.984,5.6,87.65,8.76,90.98,83.59
WI,EN,High Revenue,1.131,1.139,4.09,89.46,6.03,81.53,82.1
WI,E,High Revenue,0.976,1.015,4.9,90.4,6.53,87.56,81.6
WI,B,Low Revenue,0.969,0.862,8.25,81.71,11.76,83.03,75.29
WI,B,High Revenue,0.985,1.023,4.75,78.28,13.5,73.66,67.77
WI,EN,Low Revenue,1.368,1.039,2.62,86.11,4.87,97.53,94.03
WI,EN,Low Revenue,1.073,1.015,2.06,93.7,2.3,96.42,88.11
WI,EN,High Revenue,0.995,1.004,2.56,98.69,4.84,97.05,82.14
WI,B,High Revenue,1.015,1.062,10.7,85.98,8.11,83.42,82.81
WI,EN,High Revenue,1.046,0.986,13.32,77.05,6.59,98.3,74.17
WI,EN,Low Revenue,1.01,0.902,13.53,77.05,16.38,97.03,78.34
WI,EN,Low Revenue,1.051,1.039,4.14,91.89,6.93,91.04,91.11
WI,EN,Low Revenue,0.962,0.925,0.67,95.18,4.32,94.23,89.06
WI,B,High Revenue,0.911,0.791,32.39,83.17,12.0,86.98,83.2
WI,E,Low Revenue,0.947,0.964,4.24,92.5,4.66,94.61,90.08
WI,E,High Revenue,1.12,1.124,12.28,94.03,5.96,90.94,80.22
WI,E,High Revenue,1.036,1.098,7.66,90.2,4.81,97.65,76.53
WI,EN,Low Revenue,1.158,0.998,1.29,85.36,4.67,87.31,88.54
WI,EN,Low Revenue,0.97,1.049,3.5,96.72,7.84,90.45,91.08
WI,EN,Low Revenue,1.073,1.012,6.39,92.06,6.21,90.61,88.2
WI,EN,Low Revenue,1.118,1.03,5.03,84.63,13.03,88.81,91.61
MIPS CQM,B,Low Revenue,1.071,0.935,3.84,77.05,24.41,51.4,68.37
MIPS CQM,EN,Low Revenue,1.915,1.226,83.3,77.21,8.47,91.99,89.52
WI,B,Low Revenue,1.018,1.001,4.84,87.32,7.6,94.82,71.54
WI,E,Low Revenue,0.996,0.954,5.03,89.32,9.09,86.33,69.29
WI,EN,High Revenue,0.996,0.916,4.0,94.26,6.64,92.21,86.69
WI,B,High Revenue,0.938,0.958,8.19,79.77,8.0,73.81,77.57
WI,EN,Low Revenue,1.054,1.071,5.81,89.93,7.21,90.15,92.18
WI,E,High Revenue,1.006,0.987,6.56,93.0,7.71,91.84,83.6
WI,E,Low Revenue,0.937,1.024,1.86,88.64,4.65,73.39,78.49
WI,B,High Revenue,0.914,0.861,12.99,82.87,7.66,79.27,70.16
WI,EN,Low Revenue,0.98,0.816,1.58,95.44,4.29,87.1,88.05
WI,E,Low Revenue,1.003,0.906,11.26,89.84,4.25,77.76,85.11
WI,EN,Low Revenue,0.995,0.948,3.25,91.69,3.12,96.0,90.91
WI,B,Low Revenue,0.929,0.817,3.09,83.25,11.23,86.39,68.59
WI,B,Low Revenue,0.925,1.074,30.87,80.38,9.07,61.32,84.33
WI,B,Low Revenue,0.894,0.81,9.85,90.26,9.28,87.93,78.19
WI,EN,Low Revenue,1.009,1.106,4.07,90.33,5.92,90.35,79.06
WI,EN,Low Revenue,1.012,1.066,3.08,92.42,4.75,94.88,83.2
WI,B,High Revenue,1.178,1.088,5.58,86.02,5.22,90.0,82.03
WI,B,High Revenue,0.915,0.971,7.32,82.13,4.95,77.51,83.97
WI,EN,High Revenue,0.918,0.937,7.32,77.44,7.09,62.5,73.75
WI,EN,Low Revenue,0.993,0.968,9.03,89.64,10.67,76.31,82.58
eCQM,EN,Low Revenue,0.98,0.802,15.65,74.59,28.6,71.61,71.15
WI,E,High Revenue,1.022,0.903,12.16,85.08,9.33,87.13,83.89
WI,EN,Low Revenue,0.959,0.882,6.62,83.28,8.7,76.08,85.88
WI,EN,Low Revenue,0.897,0.728,23.93,88.13,8.49,90.94,80.3
WI,B,Low Revenue,0.941,0.884,8.98,87.98,8.97,77.93,80.07
WI,E,High Revenue,0.988,1.017,1.76,94.82,4.07,87.94,86.1
WI,B,High Revenue,0.998,1.049,3.79,89.4,6.38,89.79,71.98
WI,EN,Low Revenue,1.012,1.016,9.39,85.46,7.39,69.06,84.92
WI,EN,High Revenue,0.972,0.93,3.27,91.54,3.76,93.21,85.07
WI,B,Low Revenue,1.033,0.799,33.36,75.13,14.86,97.51,81.67
WI,E,Low Revenue,1.086,1.047,5.82,92.65,8.43,90.98,78.57
WI,B,Low Revenue,0.987,0.963,10.6,81.58,10.96,90.74,77.45
WI,B,High Revenue,1.003,0.729,51.33,83.66,9.69,90.72,80.72
WI,EN,High Revenue,0.968,0.95,6.69,91.8,8.09,71.43,81.78
WI,B,High Revenue,0.983,0.766,19.58,88.93,11.11,84.68,83.64
WI,EN,High Revenue,1.013,0.997,9.71,88.97,7.92,86.72,82.39
WI,EN,Low Revenue,1.01,1.069,3.28,88.16,6.38,88.52,88.34
WI,EN,Low Revenue,1.026,0.994,3.8,87.92,7.01,80.36,88.03
eCQM,EN,Low Revenue,0.903,0.752,34.74,77.05,27.76,81.92,65.39
WI,EN,Low Revenue,1.094,1.05,2.33,95.6,6.14,93.77,80.23
WI,B,High Revenue,1.007,0.867,28.44,74.51,13.27,83.86,68.93
WI,E,Low Revenue,0.784,0.679,36.62,79.47,16.6,98.18,72.5
WI,EN,High Revenue,0.967,0.89,4.66,94.52,5.3,97.68,79.29
WI,E,Low Revenue,0.892,0.714,2.11,75.81,9.63,76.04,78.87
WI,E,Low Revenue,0.924,1.045,2.13,91.63,4.62,92.68,83.2
WI,EN,High Revenue,1.005,1.052,5.4,90.43,9.86,78.73,82.69
WI,B,High Revenue,0.946,1.024,8.6,68.82,22.88,55.61,60.22
WI,E,High Revenue,1.161,1.192,16.31,82.45,10.4,91.57,72.29
WI,B,Low Revenue,0.946,1.045,5.1,85.02,7.51,91.63,83.04
WI,B,Low Revenue,0.906,0.732,23.56,79.78,9.7,88.04,75.17
WI,B,High Revenue,0.951,1.071,6.52,85.1,9.3,74.31,75.77
WI,B,Low Revenue,1.217,1.245,5.64,82.27,7.86,93.88,80.14
WI,B,High Revenue,1.184,1.063,8.42,79.86,13.82,88.54,72.87
WI,E,High Revenue,1.073,1.062,10.52,88.22,9.12,77.04,73.65
WI,B,High Revenue,0.901,0.948,7.8,85.98,8.55,84.33,74.07
WI,B,High Revenue,1.061,0.877,6.7,82.81,17.34,75.3,73.39
WI,B,Low Revenue,1.105,1.078,2.81,80.2,7.1,79.76,80.24
WI,B,Low Revenue,1.068,1.065,3.15,85.71,5.89,90.22,97.86
WI,B,Low Revenue,1.006,1.013,3.92,83.58,14.26,81.44,67.01
WI,D,Low Revenue,0.968,1.138,8.03,80.65,8.79,83.07,76.3
WI,EN,High Revenue,0.843,0.824,3.45,90.42,7.28,85.35,79.21
WI,B,High Revenue,1.004,0.927,5.02,89.26,6.18,85.5,77.19
WI,B,Low Revenue,0.98,0.993,2.37,82.25,9.18,94.07,78.48
WI,E,Low Revenue,0.989,1.083,5.73,87.19,8.98,82.33,84.46
WI,EN,High Revenue,1.07,0.972,5.26,82.59,8.01,74.09,82.72
WI,E,High Revenue,1.052,0.978,6.85,89.59,7.67,86.23,79.17
WI,EN,High Revenue,1.095,0.971,8.3,77.33,7.59,69.39,75.31
WI,B,High Revenue,0.959,1.027,6.95,76.55,9.12,78.33,73.93
WI,B,High Revenue,0.919,0.812,6.79,77.41,7.92,81.98,80.08
WI,E,Low Revenue,0.993,0.982,13.57,82.96,12.1,92.8,82.4
WI,B,High Revenue,1.008,0.922,5.4,81.63,6.45,90.48,75.19
WI,E,High Revenue,0.917,1.062,4.16,81.6,8.7,57.3,72.41
WI,EN,High Revenue,0.956,1.03,2.79,84.34,7.14,82.44,82.1
WI,B,High Revenue,0.929,0.811,4.53,79.07,9.21,76.38,82.16
WI,B,High Revenue,0.96,0.94,2.47,90.9,5.93,87.72,84.29
WI,B,High Revenue,0.928,0.942,5.58,76.2,11.87,77.92,81.9
WI,B,High Revenue,0.9,0.814,2.45,77.6,10.4,78.57,72.9
WI,B,High Revenue,0.974,0.946,10.92,79.26,15.54,75.62,78.31
WI,B,High Revenue,0.963,1.074,11.24,77.05,15.44,74.57,73.55
WI,EN,Low Revenue,0.9,0.959,3.51,80.95,6.45,89.66,76.07
WI,B,High Revenue,0.961,0.888,4.07,75.95,8.95,67.36,76.37
WI,B,High Revenue,0.97,0.917,5.85,78.34,11.81,74.29,85.26
WI,B,High Revenue,0.931,0.907,7.19,77.05,12.06,69.89,76.85
WI,EN,High Revenue,0.959,0.921,2.04,89.17,7.91,90.08,74.61
WI,B,High Revenue,0.971,0.85,6.71,82.11,7.09,70.15,70.2
WI,B,High Revenue,1.152,0.946,7.77,80.18,13.65,80.97,67.34
WI,D,Low Revenue,0.918,0.892,2.63,79.0,8.11,86.68,73.75
WI,B,Low Revenue,0.957,0.89,3.24,92.86,5.93,95.45,74.38
WI,EN,Low Revenue,1.156,0.937,3.88,83.95,10.76,80.15,76.05
WI,EN,Low Revenue,0.949,0.766,81.3,56.45,36.29,55.89,53.01
WI,EN,Low Revenue,0.917,0.956,3.77,88.72,3.1,84.43,78.15
WI,B,High Revenue,1.015,1.142,2.68,86.23,5.24,76.19,77.65
WI,B,Low Revenue,0.995,0.812,1.05,87.73,5.21,86.4,73.96
WI,B,High Revenue,1.155,1.027,25.92,83.7,13.3,75.9,70.65
WI,B,Low Revenue,0.992,1.001,9.07,71.52,10.0,72.76,67.7
WI,D,Low Revenue,0.992,0.94,6.78,85.23,6.28,74.56,70.97
MIPS CQM,EN,Low Revenue,1.037,0.938,14.17,77.05,28.21,42.6,76.68
WI,E,High Revenue,1.043,1.023,2.94,87.65,9.13,93.57,75.0
WI,B,Low Revenue,1.041,0.992,1.16,84.21,9.16,86.44,71.28
WI,B,Low Revenue,0.905,0.885,13.13,81.54,8.99,77.58,77.53
WI,EN,Low Revenue,0.981,0.891,2.13,89.09,6.52,78.59,88.51
WI,EN,Low Revenue,0.948,0.899,3.81,92.15,9.03,92.02,90.76
WI,EN,Low Revenue,1.027,0.97,5.5,87.3,7.67,82.98,88.09
WI,B,High Revenue,1.048,1.085,5.04,82.54,10.9,77.82,78.57
WI,E,Low Revenue,0.987,1.029,4.96,82.45,9.72,85.62,84.13
WI,EN,Low Revenue,0.952,0.767,7.72,89.25,9.22,75.54,71.98
WI,B,High Revenue,0.841,0.984,8.18,86.88,12.59,81.54,72.22
WI,B,High Revenue,1.067,0.955,11.03,69.71,16.64,89.02,63.32
WI,E,Low Revenue,1.021,0.96,2.85,79.77,16.84,92.86,70.38
WI,EN,High Revenue,1.032,1.101,6.51,85.05,6.25,89.63,83.54
eCQM,EN,Low Revenue,0.801,0.711,62.77,57.29,37.73,59.39,66.53
WI,EN,Low Revenue,0.953,0.935,13.14,88.12,10.54,95.76,84.86
WI,EN,Low Revenue,1.001,0.935,5.19,92.5,7.08,89.09,84.47
WI,E,High Revenue,0.979,1.033,7.54,87.58,8.09,76.34,76.32
WI,E,Low Revenue,1.023,1.091,4.76,97.41,9.42,92.19,87.57
MIPS CQM,EN,High Revenue,0.984,0.879,15.06,60.65,8.67,,73.75
WI,B,High Revenue,0.994,1.133,13.09,85.4,8.63,98.31,70.16
WI,E,High Revenue,0.951,1.097,6.11,90.02,5.28,90.3,77.58
WI,EN,High Revenue,1.051,1.076,3.55,85.21,10.95,77.21,83.52
WI,E,Low Revenue,0.883,0.856,36.23,81.34,16.14,83.13,74.56
WI,EN,Low Revenue,0.995,0.942,2.25,96.71,7.06,89.11,77.73
WI,EN,High Revenue,0.938,0.83,7.97,86.7,6.99,84.4,79.35
WI,E,Low Revenue,0.984,1.108,14.42,81.59,14.67,72.13,80.95
WI,E,Low Revenue,0.829,0.799,17.02,72.79,18.37,41.7,66.1
WI,EN,High Revenue,0.984,0.936,8.08,84.31,10.33,83.53,76.04
WI,B,Low Revenue,0.922,0.998,3.61,85.92,5.42,88.19,79.01
WI,B,High Revenue,1.008,0.967,2.94,89.81,5.22,78.57,75.24
WI,EN,High Revenue,1.159,1.223,9.91,96.51,5.24,81.03,74.12
WI,E,Low Revenue,0.89,0.722,1.86,82.91,5.36,77.03,83.14
WI,B,Low Revenue,0.991,0.923,2.68,81.42,6.79,88.66,77.08
WI,E,High Revenue,1.055,1.038,9.33,83.86,5.08,89.32,80.36
WI,EN,High Revenue,0.949,0.773,15.39,87.29,5.75,92.19,82.1
WI,EN,High Revenue,0.911,0.839,7.08,81.53,7.3,85.43,78.1
WI,EN,High Revenue,1.046,0.995,11.92,82.78,6.56,79.85,84.73
WI,EN,High Revenue,1.047,1.044,4.24,91.84,6.09,83.88,82.98
WI,E,Low Revenue,0.964,0.925,10.81,78.5,14.11,68.58,85.59
eCQM,E,High Revenue,0.919,0.892,9.22,80.23,40.6,60.88,76.19
eCQM,E,High Revenue,0.926,0.836,7.31,52.04,42.15,46.69,64.25
WI,E,Low Revenue,0.947,0.935,7.98,80.32,8.65,88.33,81.17
WI,A,High Revenue,0.981,0.911,6.98,86.06,9.89,80.6,82.03
WI,EN,High Revenue,0.985,0.996,7.2,89.99,12.21,81.07,76.34
WI,EN,Low Revenue,0.948,0.969,3.69,91.35,11.65,80.62,73.88
WI,EN,Low Revenue,0.883,0.892,4.68,88.79,7.14,90.07,83.1
WI,EN,Low Revenue,1.01,0.99,14.02,82.35,5.79,80.66,85.54
WI,EN,High Revenue,1.006,0.993,13.8,77.86,17.56,83.73,68.11
WI,B,High Revenue,0.899,0.975,41.44,79.86,12.71,52.65,74.57
WI,E,Low Revenue,0.907,0.929,7.78,94.32,5.4,90.62,73.82
WI,EN,Low Revenue,1.036,0.967,4.47,83.96,5.41,89.85,80.79
eCQM,EN,Low Revenue,0.941,0.752,19.78,77.97,30.44,82.49,63.24
WI,B,Low Revenue,0.969,0.868,38.37,85.37,12.46,71.24,82.56
WI,E,Low Revenue,0.932,0.806,4.99,85.55,10.15,67.59,84.67
WI,EN,Low Revenue,0.944,0.952,3.95,86.2,11.57,81.56,87.38
WI,EN,Low Revenue,0.976,0.83,15.53,88.32,8.48,90.99,81.52
WI,EN,Low Revenue,1.037,0.879,18.44,85.86,13.57,75.97,77.33
WI,A,High Revenue,1.008,0.934,4.73,80.61,8.87,74.17,73.52
WI,EN,Low Revenue,1.101,1.043,20.45,83.59,11.91,81.37,82.78
WI,EN,High Revenue,1.039,0.989,7.39,81.59,11.21,85.8,78.66
WI,EN,Low Revenue,0.796,0.668,32.03,82.25,16.92,96.33,75.96
WI,B,Low Revenue,1.013,0.962,8.2,87.82,7.97,80.39,84.7
eCQM,EN,Low Revenue,2.269,1.625,31.11,83.32,19.99,71.1,81.8
WI,EN,High Revenue,0.972,0.932,5.04,92.42,5.91,96.67,82.8
WI,B,High Revenue,1.014,0.931,4.07,82.14,8.08,88.17,67.3
WI,B,Low Revenue,0.913,0.928,15.28,86.27,7.81,82.41,81.69
WI,E,Low Revenue,0.975,1.109,7.78,85.2,9.5,88.97,80.34
WI,E,High Revenue,1.023,1.047,8.95,89.86,6.08,87.03,82.57
eCQM,E,Low Revenue,1.067,1.161,24.89,77.01,29.18,83.26,72.65
WI,EN,Low Revenue,1.005,0.867,8.4,90.35,5.97,90.39,86.79
WI,EN,Low Revenue,1.116,0.859,11.16,86.3,9.79,84.6,94.4
WI,E,Low Revenue,1.064,1.039,2.51,89.55,7.86,92.31,77.54
WI,E,Low Revenue,1.012,0.936,20.33,89.39,9.7,88.56,82.28
WI,A,Low Revenue,1.144,1.147,5.54,77.05,15.18,50.86,89.96
WI,A,Low Revenue,1.031,1.042,8.25,76.45,18.62,62.77,84.14
WI,E,Low Revenue,0.985,0.918,5.24,79.52,9.32,57.2,84.65
WI,EN,Low Revenue,1.128,1.021,5.32,82.83,5.34,84.94,85.44
WI,E,Low Revenue,1.032,0.984,9.75,78.49,17.03,72.62,88.15
WI,A,High Revenue,1.067,0.881,16.21,84.29,10.32,74.56,76.95
WI,EN,Low Revenue,1.07,0.988,16.81,87.62,7.82,76.92,85.07
WI,B,High Revenue,0.941,0.915,18.08,87.76,7.15,87.24,80.47
WI,E,Low Revenue,0.976,0.982,6.6,90.51,5.08,98.01,73.34
WI,EN,Low Revenue,1.026,1.032,7.0,88.59,9.27,80.88,70.52
WI,EN,High Revenue,1.125,1.067,2.93,84.49,8.45,82.23,66.53
WI,EN,High Revenue,1.063,0.959,6.85,90.6,7.07,88.06,74.7
WI,A,High Revenue,0.926,0.904,4.8,80.39,5.45,59.46,75.4
WI,E,Low Revenue,0.942,0.897,6.85,85.45,7.99,83.07,81.12
WI,C,High Revenue,1.084,1.096,2.84,86.5,9.27,74.8,70.07
eCQM,EN,High Revenue,1.025,1.045,3.83,65.88,25.71,29.21,68.34
WI,E,Low Revenue,0.962,0.999,1.04,83.92,6.71,76.52,85.5
WI,B,Low Revenue,0.88,0.653,3.09,85.1,9.02,76.86,88.58
WI,EN,High Revenue,1.031,1.059,11.39,87.38,7.98,73.82,90.59
WI,A,High Revenue,0.906,0.921,8.11,80.38,6.61,67.55,74.32
WI,EN,High Revenue,1.047,1.029,2.56,72.02,16.26,70.98,78.44
WI,EN,High Revenue,1.066,1.217,9.49,98.56,4.63,97.41,85.39
eCQM,EN,Low Revenue,1.016,1.111,6.09,80.32,18.56,55.31,79.96
WI,EN,High Revenue,1.146,0.994,8.64,71.42,13.54,65.33,86.25
WI,A,High Revenue,0.846,0.959,5.78,73.23,8.96,82.49,72.85
WI,EN,Low Revenue,0.974,0.865,5.99,98.49,3.63,93.55,87.32
WI,EN,High Revenue,1.069,1.169,11.3,98.1,3.27,96.02,84.0
WI,EN,Low Revenue,0.963,0.953,5.69,86.24,9.37,79.01,84.81
WI,EN,Low Revenue,0.978,0.952,3.84,81.93,5.11,83.08,84.31
WI,EN,High Revenue,0.919,0.983,7.47,78.71,13.76,86.31,79.75
WI,EN,Low Revenue,0.92,0.861,7.96,87.42,7.41,76.25,77.85
WI,EN,Low Revenue,0.952,0.797,16.31,84.51,11.59,88.25,77.68
WI,E,Low Revenue,0.98,0.979,7.49,86.22,5.43,73.55,86.35
WI,EN,High Revenue,0.949,0.9,3.89,91.76,6.89,89.62,82.79
WI,B,Low Revenue,1.01,1.029,5.04,81.94,6.13,86.3,82.51
eCQM,E,High Revenue,0.961,0.854,9.81,60.26,50.86,34.48,62.0
WI,A,Low Revenue,0.948,1.0,4.83,85.57,10.05,87.58,82.33
WI,EN,High Revenue,1.057,1.0,9.76,87.7,8.06,93.36,78.23
eCQM,E,High Revenue,1.051,0.9,6.06,51.27,55.8,33.84,68.8
eCQM,E,High Revenue,0.972,0.95,5.78,51.4,48.4,47.72,65.15
eCQM,E,High Revenue,0.86,0.755,6.13,77.05,56.3,65.36,61.51
WI,EN,High Revenue,1.038,0.993,18.32,83.38,8.01,83.22,81.74
WI,EN,Low Revenue,0.887,0.899,14.91,77.05,8.24,54.86,76.15
WI,B,Low Revenue,1.032,0.798,8.64,78.84,10.36,73.63,87.7
WI,EN,High Revenue,0.96,0.978,2.26,94.57,5.5,91.92,80.99
WI,A,Low Revenue,0.848,0.792,27.57,83.13,13.13,88.06,74.19
eCQM,EN,High Revenue,1.133,1.173,4.27,78.18,29.57,58.02,77.19
WI,A,Low Revenue,0.838,0.749,6.47,80.87,11.09,63.09,77.65
MIPS CQM,A,Low Revenue,0.99,0.976,3.71,62.97,17.31,61.02,81.83
WI,A,Low Revenue,0.796,0.784,11.34,89.85,8.46,89.96,75.74
WI,EN,Low Revenue,0.942,0.726,77.23,51.25,91.67,13.71,4.42
MIPS CQM,EN,Low Revenue,1.755,1.306,50.13,77.05,26.38,77.16,79.62
MIPS CQM,EN,Low Revenue,1.068,1.071,8.86,77.05,35.07,35.79,71.85
eCQM,EN,Low Revenue,0.973,0.954,9.63,73.43,11.69,69.57,83.05
eCQM,EN,High Revenue,0.942,1.029,16.58,80.25,15.39,65.71,73.76
WI,EN,Low Revenue,1.02,1.027,2.55,88.76,9.12,72.56,85.39
eCQM,E,High Revenue,0.973,1.08,10.64,86.16,17.93,71.27,78.51
WI,B,High Revenue,1.049,1.178,10.88,69.5,9.86,79.04,87.37
WI,B,High Revenue,0.849,0.812,3.9,73.43,9.98,71.33,73.74
WI,EN,High Revenue,0.917,0.886,10.0,84.27,8.76,83.82,75.33
WI,C,Low Revenue,0.974,0.95,10.36,76.88,8.7,79.45,79.12
WI,A,High Revenue,0.971,0.884,6.75,80.52,6.62,78.98,65.59
WI,EN,Low Revenue,0.983,1.031,5.34,95.11,7.91,95.04,87.6
WI,EN,Low Revenue,1.056,0.963,6.17,90.37,14.59,72.67,78.19
WI,EN,Low Revenue,1.018,0.82,3.49,80.64,10.84,75.72,79.33
eCQM,EN,Low Revenue,1.044,0.929,1.42,77.05,14.64,69.61,74.71
WI,E,Low Revenue,0.883,0.843,5.14,82.01,7.26,77.91,72.16
eCQM,C,Low Revenue,0.979,1.254,2.44,65.09,18.65,24.76,83.25
WI,E,High Revenue,0.912,0.915,25.04,74.0,8.97,68.31,72.17
WI,A,Low Revenue,0.834,0.824,20.97,74.96,10.63,89.11,67.63
WI,E,Low Revenue,0.95,1.132,7.77,90.84,13.57,83.22,82.65
WI,EN,Low Revenue,0.96,0.863,10.79,82.53,10.46,79.88,82.96
WI,A,Low Revenue,0.894,0.788,20.05,79.64,16.54,89.77,64.48
MIPS CQM,B,High Revenue,1.703,1.25,35.37,77.05,28.53,,
WI,E,Low Revenue,0.938,1.004,11.83,81.85,6.17,83.93,81.63
MIPS CQM,EN,Low Revenue,1.783,1.307,63.88,60.67,26.54,34.16,74.44
eCQM,E,High Revenue,0.96,0.934,4.83,58.22,27.96,32.48,66.11
WI,E,Low Revenue,0.889,0.896,15.53,83.08,7.36,72.6,78.98
WI,E,Low Revenue,0.92,1.065,7.4,84.88,10.44,80.07,80.48
WI,EN,Low Revenue,0.963,1.067,2.77,92.67,7.07,85.55,85.56
WI,EN,Low Revenue,1.145,1.212,4.45,81.65,11.74,88.24,85.46
WI,EN,Low Revenue,0.888,0.815,4.71,88.64,8.9,59.71,73.31
WI,A,Low Revenue,0.876,0.947,12.29,71.89,13.13,63.18,68.16
WI,EN,Low Revenue,0.927,1.029,7.04,83.63,9.93,81.8,79.57
eCQM,A,High Revenue,0.785,0.677,6.04,68.03,14.88,43.31,68.76
eCQM,E,Low Revenue,0.893,0.911,10.71,69.3,18.33,20.99,72.98
WI,EN,Low Revenue,1.136,0.873,13.12,84.05,9.92,77.14,80.32
WI,EN,High Revenue,0.991,0.887,2.49,86.61,6.4,90.31,84.49
WI,A,High Revenue,1.578,1.317,6.25,77.02,13.97,84.16,73.55
WI,EN,Low Revenue,0.973,0.826,3.45,86.18,6.54,75.66,78.62
WI,E,Low Revenue,0.923,1.144,1.75,86.91,5.95,94.45,81.55
WI,EN,Low Revenue,0.96,1.012,3.43,83.82,7.66,88.84,73.2
WI,E,Low Revenue,0.902,0.793,3.04,73.03,12.05,40.96,67.83
WI,EN,High Revenue,0.887,0.852,8.06,69.62,9.77,47.81,68.87
MIPS CQM,A,Low Revenue,0.838,0.79,4.63,63.25,9.1,20.95,79.26
WI,EN,Low Revenue,1.013,0.947,4.69,81.05,8.14,75.78,74.16
WI,A,Low Revenue,0.871,0.949,3.53,77.05,8.56,83.59,72.79
WI,EN,Low Revenue,0.885,0.933,4.15,81.33,7.43,71.07,74.79
eCQM,A,Low Revenue,0.864,0.776,28.67,73.87,27.23,80.64,65.35
MIPS CQM,A,Low Revenue,1.811,1.277,64.66,82.97,14.07,,
MIPS CQM,A,Low Revenue,0.808,0.645,81.42,70.8,20.55,,64.62
WI,C,Low Revenue,0.927,0.864,12.91,73.44,18.01,60.29,65.22
eCQM,E,Low Revenue,0.909,0.856,17.7,66.05,33.86,84.56,66.76
WI,EN,Low Revenue,0.884,0.772,23.33,80.99,13.71,86.02,77.99
WI,EN,Low Revenue,0.942,0.987,7.3,87.97,7.72,86.1,74.68
WI,A,Low Revenue,1.664,1.303,60.6,77.05,17.24,36.43,75.28
WI,E,High Revenue,1.012,0.905,19.74,79.99,15.25,63.47,80.25
WI,EN,Low Revenue,0.97,0.929,2.09,86.33,2.45,83.28,89.49
WI,EN,High Revenue,1.132,0.896,8.2,84.96,11.11,81.04,80.46
WI,E,High Revenue,1.017,1.106,11.53,69.25,13.21,66.19,77.6
WI,EN,Low Revenue,1.044,1.108,5.06,92.61,6.85,87.95,91.88
WI,EN,Low Revenue,0.961,1.102,3.08,82.39,15.15,76.81,81.56
WI,EN,Low Revenue,0.797,0.871,3.12,87.75,8.31,72.84,82.21
WI,EN,Low Revenue,0.858,0.8,12.27,87.21,11.41,88.66,75.95
WI,EN,Low Revenue,0.911,0.964,5.4,68.05,11.71,39.64,74.67
WI,EN,Low Revenue,0.967,0.836,8.42,89.36,11.42,93.9,81.19
WI,EN,High Revenue,0.969,0.928,12.47,83.71,12.35,80.55,88.78
eCQM,EN,Low Revenue,1.013,1.08,3.27,75.25,23.52,56.73,77.72
WI,A,Low Revenue,0.847,0.698,11.66,79.78,9.64,79.03,83.53
eCQM,A,High Revenue,0.912,0.816,4.54,73.46,19.41,51.2,70.95
WI,E,Low Revenue,0.965,0.794,4.95,93.88,11.25,82.86,84.18
eCQM,EN,Low Revenue,1.065,1.083,4.1,54.1,69.14,22.17,72.64
WI,EN,High Revenue,1.0,0.872,5.27,81.65,4.89,64.25,80.89
MIPS CQM,A,Low Revenue,0.806,0.67,56.85,58.99,33.3,70.69,64.31
WI,A,Low Revenue,0.752,0.751,24.38,71.03,15.33,49.07,68.98
WI,EN,Low Revenue,1.074,1.015,6.48,77.4,9.12,76.8,83.57
eCQM,A,Low Revenue,0.902,0.817,26.91,80.01,24.06,73.93,68.07
WI,A,Low Revenue,0.887,0.686,38.61,45.58,30.56,12.28,10.78
eCQM,A,High Revenue,1.018,1.098,7.34,53.51,29.27,46.16,64.71
WI,A,High Revenue,1.032,0.913,8.27,86.74,8.87,91.5,81.85
WI,EN,High Revenue,1.092,0.942,22.05,76.88,11.25,64.84,79.18
WI,EN,Low Revenue,0.894,0.803,8.53,71.07,11.15,68.11,77.3
WI,A,High Revenue,0.9,0.814,8.92,77.21,6.21,78.69,72.35
WI,EN,Low Revenue,0.843,0.616,22.83,77.05,19.87,90.32,75.41
WI,A,Low Revenue,0.911,0.944,4.57,88.47,6.08,95.4,77.1
WI,EN,Low Revenue,1.093,1.363,0.45,92.95,7.66,91.11,84.88
WI,A,Low Revenue,0.947,0.857,6.31,69.34,24.68,54.02,69.32
WI,E,Low Revenue,1.049,1.145,8.22,82.04,11.11,73.14,76.59
WI,EN,Low Revenue,0.884,0.727,20.31,80.26,12.37,94.0,74.43
eCQM,A,Low Revenue,1.052,0.922,14.65,77.05,29.53,43.27,60.74
eCQM,A,High Revenue,1.055,1.059,9.3,77.05,33.53,11.16,59.81
WI,EN,Low Revenue,0.914,0.908,4.1,77.05,97.67,52.16,55.56
eCQM,E,Low Revenue,0.9,0.889,51.97,70.91,28.74,69.53,70.13
WI,EN,High Revenue,0.958,0.915,9.84,82.58,7.2,79.25,74.5
WI,A,High Revenue,1.191,1.284,1.92,77.05,5.39,63.07,59.84
